<?xml version="1.0"?>
<doc>
    <assembly>
        <name>MigraDoc.Rendering-gdi</name>
    </assembly>
    <members>
        <member name="T:MigraDoc.Rendering.Resources.Messages2">
            <summary>
            Provides diagnostic messages taken from the resources.
            </summary>
        </member>
        <member name="T:MigraDoc.Rendering.ChartMapper.AxisMapper">
            <summary>
            The AxisMapper class.
            </summary>
        </member>
        <member name="T:MigraDoc.Rendering.ChartMapper.ChartMapper">
            <summary>
            Maps charts from the MigraDoc.DocumentObjectModel to charts from Pdf.Charting.
            </summary>
        </member>
        <member name="M:MigraDoc.Rendering.ChartMapper.ChartMapper.Map(MigraDoc.DocumentObjectModel.Shapes.Charts.Chart)">
            <summary>
            Maps the specified DOM chart.
            </summary>
            <param name="domChart">The DOM chart.</param>
        </member>
        <member name="T:MigraDoc.Rendering.ChartMapper.LineFormatMapper">
            <summary>
            The LineFormatMapper class.
            </summary>
        </member>
        <member name="T:MigraDoc.Rendering.ChartMapper.PlotAreaMapper">
            <summary>
            The PlotAreaMapper class.
            </summary>
        </member>
        <member name="T:MigraDoc.Rendering.ChartMapper.SeriesCollectionMapper">
            <summary>
            The SeriesCollectionMapper class.
            </summary>
        </member>
        <member name="T:MigraDoc.Rendering.ChartMapper.XValuesMapper">
            <summary>
            The XValuesMapper class.
            </summary>
        </member>
        <member name="T:MigraDoc.Rendering.Extensions.UnitConversions">
            <summary>
            Provides conversion extension methods between Unit and XUnit/XUnitPt.
            </summary>
        </member>
        <member name="M:MigraDoc.Rendering.Extensions.UnitConversions.ToXUnit(MigraDoc.DocumentObjectModel.Unit)">
            <summary>
            Converts a Unit to an XUnit and tries to convert its UnitType to XGraphisUnit.
            </summary>
        </member>
        <member name="M:MigraDoc.Rendering.Extensions.UnitConversions.ToUnit(PdfSharp.Drawing.XUnit)">
            <summary>
            Converts an XUnit to a Unit and tries to convert its XGraphisUnit to UnitType.
            </summary>
        </member>
        <member name="M:MigraDoc.Rendering.Extensions.UnitConversions.ToXUnitPt(MigraDoc.DocumentObjectModel.Unit)">
            <summary>
            Converts a Unit to an XUnitPt.
            </summary>
        </member>
        <member name="M:MigraDoc.Rendering.Extensions.UnitConversions.ToUnit(PdfSharp.Drawing.XUnitPt)">
            <summary>
            Converts an XUnitPt to a Unit.
            </summary>
        </member>
        <member name="T:MigraDoc.Rendering.Internals.TH">
            <summary>
            </summary>
        </member>
        <member name="T:MigraDoc.Rendering.Area">
            <summary>
            Abstract base class for all areas to render in.
            </summary>
        </member>
        <member name="P:MigraDoc.Rendering.Area.X">
            <summary>
            Gets the left boundary of the area.
            </summary>
        </member>
        <member name="P:MigraDoc.Rendering.Area.Y">
            <summary>
            Gets the top boundary of the area.
            </summary>
        </member>
        <member name="M:MigraDoc.Rendering.Area.GetFittingRect(PdfSharp.Drawing.XUnitPt,PdfSharp.Drawing.XUnitPt)">
            <summary>
            Gets the largest fitting rect with the given y position and height.
            </summary>
            <param name="yPosition">Top bound of the searched rectangle.</param>
            <param name="height">Height of the searched rectangle.</param>
            <returns>
            The largest fitting rect with the given y position and height.
            Null if yPosition exceeds the area.
            </returns>
        </member>
        <member name="P:MigraDoc.Rendering.Area.Height">
            <summary>
            Gets or sets the height of the smallest rectangle containing the area. 
            </summary>
        </member>
        <member name="P:MigraDoc.Rendering.Area.Width">
            <summary>
            Gets or sets the width of the smallest rectangle containing the area. 
            </summary>
        </member>
        <member name="M:MigraDoc.Rendering.Area.Unite(MigraDoc.Rendering.Area)">
            <summary>
            Returns the union of this area and the given one.
            </summary>
            <param name="area">The area to unite with.</param>
            <returns>The union of the two areas.</returns>
        </member>
        <member name="M:MigraDoc.Rendering.Area.Lower(PdfSharp.Drawing.XUnitPt)">
            <summary>
            Lowers the area and makes it smaller.
            </summary>
            <param name="verticalOffset">The measure of lowering.</param>
            <returns>The lowered Area.</returns>
        </member>
        <member name="M:MigraDoc.Rendering.Rectangle.#ctor(PdfSharp.Drawing.XUnitPt,PdfSharp.Drawing.XUnitPt,PdfSharp.Drawing.XUnitPt,PdfSharp.Drawing.XUnitPt)">
            <summary>
            Initializes a new rectangle object.
            </summary>
            <param name="x">Left bound of the rectangle.</param>
            <param name="y">Upper bound of the rectangle.</param>
            <param name="width">Width of the rectangle.</param>
            <param name="height">Height of the rectangle.</param>
        </member>
        <member name="M:MigraDoc.Rendering.Rectangle.#ctor(MigraDoc.Rendering.Rectangle)">
            <summary>
            Initializes a new Rectangle by copying its values.
            </summary>
            <param name="rect">The rectangle to copy.</param>
        </member>
        <member name="M:MigraDoc.Rendering.Rectangle.GetFittingRect(PdfSharp.Drawing.XUnitPt,PdfSharp.Drawing.XUnitPt)">
            <summary>
            Gets the largest fitting rect with the given y position and height.
            </summary>
            <param name="yPosition">Top boundary of the requested rectangle.</param>
            <param name="height">Height of the requested rectangle.</param>
            <returns>The largest fitting rect with the given y position and height, or null if the requested height does not fit.</returns>
        </member>
        <member name="P:MigraDoc.Rendering.Rectangle.X">
            <summary>
            Gets or sets the left boundary of the rectangle. 
            </summary>
        </member>
        <member name="P:MigraDoc.Rendering.Rectangle.Y">
            <summary>
            Gets or sets the top boundary of the rectangle. 
            </summary>
        </member>
        <member name="P:MigraDoc.Rendering.Rectangle.Width">
            <summary>
            Gets or sets the width of the rectangle. 
            </summary>
        </member>
        <member name="P:MigraDoc.Rendering.Rectangle.Height">
            <summary>
            Gets or sets the height of the rectangle. 
            </summary>
        </member>
        <member name="M:MigraDoc.Rendering.Rectangle.Unite(MigraDoc.Rendering.Area)">
            <summary>
            Returns the union of the rectangle and the given area.
            </summary>
            <param name="area">The area to unite with.</param>
            <returns>The union of the two areas.</returns>
        </member>
        <member name="T:MigraDoc.Rendering.BordersRenderer">
            <summary>
            Renders a single Border.
            </summary>
        </member>
        <member name="M:MigraDoc.Rendering.BordersRenderer.RenderVertically(MigraDoc.DocumentObjectModel.BorderType,PdfSharp.Drawing.XUnitPt,PdfSharp.Drawing.XUnitPt,PdfSharp.Drawing.XUnitPt)">
            <summary>
            Renders the border top down.
            </summary>
            <param name="type">The type of the border.</param>
            <param name="left">The left position of the border.</param>
            <param name="top">The top position of the border.</param>
            <param name="height">The height on which to render the border.</param>
        </member>
        <member name="M:MigraDoc.Rendering.BordersRenderer.RenderHorizontally(MigraDoc.DocumentObjectModel.BorderType,PdfSharp.Drawing.XUnitPt,PdfSharp.Drawing.XUnitPt,PdfSharp.Drawing.XUnitPt)">
            <summary>
            Renders the border top down.
            </summary>
            <param name="type">The type of the border.</param>
            <param name="left">The left position of the border.</param>
            <param name="top">The top position of the border.</param>
            <param name="width">The width on which to render the border.</param>
        </member>
        <member name="T:MigraDoc.Rendering.ChartFormatInfo">
            <summary>
            Formatting information for a chart.
            </summary>
        </member>
        <member name="T:MigraDoc.Rendering.ChartRenderer">
            <summary>
            Renders a chart to an XGraphics object.
            </summary>
        </member>
        <member name="M:MigraDoc.Rendering.ChartRenderer.GetTopBottomWidth">
            <summary>
            Gets the width of the top and bottom area.
            Used while formatting.
            </summary>
            <returns>The width of the top and bottom area</returns>
        </member>
        <member name="M:MigraDoc.Rendering.ChartRenderer.GetTopBottomHorizontalPosition(PdfSharp.Drawing.XUnitPt@,PdfSharp.Drawing.XUnitPt@)">
            <summary>
            Gets the horizontal boundaries of the top and bottom area.
            Used while rendering.
            </summary>
            <param name="left">The left boundary of the top and bottom area</param>
            <param name="right">The right boundary of the top and bottom area</param>
        </member>
        <member name="T:MigraDoc.Rendering.ChartRenderInfo">
            <summary>
            Rendering information for charts.
            </summary>
        </member>
        <member name="M:MigraDoc.Rendering.ColorHelper.ToXColor(MigraDoc.DocumentObjectModel.Color,System.Boolean)">
            <summary>
            Converts Color to XColor.
            </summary>
        </member>
        <member name="T:MigraDoc.Rendering.DocumentRenderer">
            <summary>
            Provides methods to render the document or single parts of it to a XGraphics object.
            </summary>
            <remarks>
            One prepared instance of this class can serve to render several output formats.
            </remarks>
            <remarks>
            Initializes a new instance of the DocumentRenderer class.
            </remarks>
            <param name="document">The MigraDoc document to render.</param>
        </member>
        <member name="M:MigraDoc.Rendering.DocumentRenderer.#ctor(MigraDoc.DocumentObjectModel.Document)">
            <summary>
            Provides methods to render the document or single parts of it to a XGraphics object.
            </summary>
            <remarks>
            One prepared instance of this class can serve to render several output formats.
            </remarks>
            <remarks>
            Initializes a new instance of the DocumentRenderer class.
            </remarks>
            <param name="document">The MigraDoc document to render.</param>
        </member>
        <member name="M:MigraDoc.Rendering.DocumentRenderer.PrepareDocument(PdfSharp.Events.RenderEvents)">
            <summary>
            Prepares this instance for rendering.
            Commit renderEvents to allow RenderTextEvent calls.
            </summary>
        </member>
        <member name="E:MigraDoc.Rendering.DocumentRenderer.PrepareDocumentProgress">
            <summary>
            Occurs while the document is being prepared (can be used to show a progress bar).
            </summary>
        </member>
        <member name="M:MigraDoc.Rendering.DocumentRenderer.OnPrepareDocumentProgress(System.Int32,System.Int32)">
            <summary>
            Allows applications to display a progress indicator while PrepareDocument() is being executed.
            </summary>
            <param name="value"></param>
            <param name="maximum"></param>
        </member>
        <member name="P:MigraDoc.Rendering.DocumentRenderer.HasPrepareDocumentProgress">
            <summary>
            Gets a value indicating whether this instance supports PrepareDocumentProgress.
            </summary>
        </member>
        <member name="P:MigraDoc.Rendering.DocumentRenderer.FormattedDocument">
            <summary>
            Gets the formatted document of this instance. Will be null if document was not yet prepared.
            </summary>
        </member>
        <member name="M:MigraDoc.Rendering.DocumentRenderer.RenderPage(PdfSharp.Drawing.XGraphics,System.Int32)">
            <summary>
            Renders a MigraDoc document to the specified graphics object.
            </summary>
        </member>
        <member name="M:MigraDoc.Rendering.DocumentRenderer.RenderPage(PdfSharp.Drawing.XGraphics,System.Int32,MigraDoc.Rendering.PageRenderOptions)">
            <summary>
            Renders a MigraDoc document to the specified graphics object.
            </summary>
        </member>
        <member name="M:MigraDoc.Rendering.DocumentRenderer.GetDocumentObjectsFromPage(System.Int32)">
            <summary>
            Gets the document objects that get rendered on the specified page.
            </summary>
        </member>
        <member name="M:MigraDoc.Rendering.DocumentRenderer.GetRenderInfoFromPage(System.Int32)">
            <summary>
            Gets the render information for document objects that get rendered on the specified page.
            </summary>
        </member>
        <member name="M:MigraDoc.Rendering.DocumentRenderer.RenderObject(PdfSharp.Drawing.XGraphics,PdfSharp.Drawing.XUnitPt,PdfSharp.Drawing.XUnitPt,PdfSharp.Drawing.XUnitPt,MigraDoc.DocumentObjectModel.DocumentObject)">
            <summary>
            Renders a single object to the specified graphics object at the given point.
            </summary>
            <param name="graphics">The graphics object to render on.</param>
            <param name="xPosition">The left position of the rendered object.</param>
            <param name="yPosition">The top position of the rendered object.</param>
            <param name="width">The width.</param>
            <param name="documentObject">The document object to render. Can be paragraph, table, or shape.</param>
            <remarks>This function is still in an experimental state.</remarks>
        </member>
        <member name="P:MigraDoc.Rendering.DocumentRenderer.WorkingDirectory">
            <summary>
            Gets or sets the working directory for rendering.
            </summary>
        </member>
        <member name="P:MigraDoc.Rendering.DocumentRenderer.PrintDate">
            <summary>
            Gets or sets the print date, i.e. the rendering date.
            </summary>
        </member>
        <member name="T:MigraDoc.Rendering.DocumentRenderer.PrepareDocumentProgressEventArgs">
            <summary>
            Arguments for the PrepareDocumentProgressEvent which is called while a document is being prepared (you can use this to display a progress bar).
            </summary>
            <remarks>
            Initializes a new instance of the <see cref="T:MigraDoc.Rendering.DocumentRenderer.PrepareDocumentProgressEventArgs"/> class.
            </remarks>
            <param name="value">The current step in document preparation.</param>
            <param name="maximum">The latest step in document preparation.</param>
        </member>
        <member name="M:MigraDoc.Rendering.DocumentRenderer.PrepareDocumentProgressEventArgs.#ctor(System.Int32,System.Int32)">
            <summary>
            Arguments for the PrepareDocumentProgressEvent which is called while a document is being prepared (you can use this to display a progress bar).
            </summary>
            <remarks>
            Initializes a new instance of the <see cref="T:MigraDoc.Rendering.DocumentRenderer.PrepareDocumentProgressEventArgs"/> class.
            </remarks>
            <param name="value">The current step in document preparation.</param>
            <param name="maximum">The latest step in document preparation.</param>
        </member>
        <member name="F:MigraDoc.Rendering.DocumentRenderer.PrepareDocumentProgressEventArgs.Value">
            <summary>
            Indicates the current step reached in document preparation.
            </summary>
        </member>
        <member name="F:MigraDoc.Rendering.DocumentRenderer.PrepareDocumentProgressEventArgs.Maximum">
            <summary>
            Indicates the final step in document preparation. The quotient of Value and Maximum can be used to calculate a percentage (e.g. for use in a progress bar).
            </summary>
        </member>
        <member name="T:MigraDoc.Rendering.DocumentRenderer.PrepareDocumentProgressEventHandler">
            <summary>
            The event handler that is being called for the PrepareDocumentProgressEvent event.
            </summary>
        </member>
        <member name="T:MigraDoc.Rendering.ElementAlignment">
            <summary>
            Alignment of layout elements.
            </summary>
        </member>
        <member name="F:MigraDoc.Rendering.ElementAlignment.Near">
            <summary>
            Element is aligned near. This is the default.
            </summary>
        </member>
        <member name="F:MigraDoc.Rendering.ElementAlignment.Center">
            <summary>
            Element is center-aligned.
            </summary>
        </member>
        <member name="F:MigraDoc.Rendering.ElementAlignment.Far">
            <summary>
            Element is far-aligned.
            </summary>
        </member>
        <member name="F:MigraDoc.Rendering.ElementAlignment.Inside">
            <summary>
            Element is inside-aligned.
            </summary>
        </member>
        <member name="F:MigraDoc.Rendering.ElementAlignment.Outside">
            <summary>
            Element is outside-aligned.
            </summary>
        </member>
        <member name="T:MigraDoc.Rendering.Floating">
            <summary>
            Floating behavior of layout elements.
            </summary>
        </member>
        <member name="F:MigraDoc.Rendering.Floating.TopBottom">
            <summary>
            The element floats from top to bottom. This is the default.
            </summary>
        </member>
        <member name="F:MigraDoc.Rendering.Floating.None">
            <summary>
            The element is ignored.
            </summary>
        </member>
        <member name="F:MigraDoc.Rendering.Floating.Left">
            <summary>
            Reserved for future extensions. The element floats from left to right.
            </summary>
        </member>
        <member name="F:MigraDoc.Rendering.Floating.Right">
            <summary>
            Reserved for future extensions. The element floats from right to left.
            </summary>
        </member>
        <member name="F:MigraDoc.Rendering.Floating.BothSides">
            <summary>
            Reserved for future extensions.
            </summary>
        </member>
        <member name="T:MigraDoc.Rendering.HorizontalReference">
            <summary>
            Horizontal reference point of alignment.
            </summary>
        </member>
        <member name="F:MigraDoc.Rendering.HorizontalReference.AreaBoundary">
            <summary>
            Horizontal reference is the area boundary.
            </summary>
        </member>
        <member name="F:MigraDoc.Rendering.HorizontalReference.PageMargin">
            <summary>
            Horizontal reference is the page margin.
            </summary>
        </member>
        <member name="F:MigraDoc.Rendering.HorizontalReference.Page">
            <summary>
            Horizontal reference is the page.
            </summary>
        </member>
        <member name="F:MigraDoc.Rendering.ImageFailure.None">
            <summary>
            No failure has occurred.
            </summary>
        </member>
        <member name="F:MigraDoc.Rendering.ImageFailure.FileNotFound">
            <summary>
            Image file was not found.
            </summary>
        </member>
        <member name="F:MigraDoc.Rendering.ImageFailure.InvalidType">
            <summary>
            Image type is not supported.
            </summary>
        </member>
        <member name="F:MigraDoc.Rendering.ImageFailure.NotRead">
            <summary>
            Image could not be read.
            </summary>
        </member>
        <member name="F:MigraDoc.Rendering.ImageFailure.EmptySize">
            <summary>
            Image has empty or invalid size.
            </summary>
        </member>
        <member name="T:MigraDoc.Rendering.PageRenderOptions">
            <summary>
            Determines the parts of a page to be rendered.
            </summary>
        </member>
        <member name="F:MigraDoc.Rendering.PageRenderOptions.None">
            <summary>
            Renders nothing (creates an empty page).
            </summary>
        </member>
        <member name="F:MigraDoc.Rendering.PageRenderOptions.RenderHeader">
            <summary>
            Renders Headers.
            </summary>
        </member>
        <member name="F:MigraDoc.Rendering.PageRenderOptions.RenderFooter">
            <summary>
            Renders Footers.
            </summary>
        </member>
        <member name="F:MigraDoc.Rendering.PageRenderOptions.RenderContent">
            <summary>
            Renders Content.
            </summary>
        </member>
        <member name="F:MigraDoc.Rendering.PageRenderOptions.RenderPdfBackground">
            <summary>
            Renders PDF background pages.
            </summary>
        </member>
        <member name="F:MigraDoc.Rendering.PageRenderOptions.RenderPdfContent">
            <summary>
            Renders PDF content pages.
            </summary>
        </member>
        <member name="F:MigraDoc.Rendering.PageRenderOptions.All">
            <summary>
            Renders all.
            </summary>
        </member>
        <member name="F:MigraDoc.Rendering.PageRenderOptions.RemovePage">
            <summary>
            Creates not even an empty page.
            </summary>
        </member>
        <member name="F:MigraDoc.Rendering.VerticalReference.PreviousElement">
            <summary>
            Vertical reference is the previous element.
            </summary>
        </member>
        <member name="F:MigraDoc.Rendering.VerticalReference.AreaBoundary">
            <summary>
            Vertical reference is the area boundary.
            </summary>
        </member>
        <member name="F:MigraDoc.Rendering.VerticalReference.PageMargin">
            <summary>
            Vertical reference is the page margin.
            </summary>
        </member>
        <member name="F:MigraDoc.Rendering.VerticalReference.Page">
            <summary>
            Vertical reference is page.
            </summary>
        </member>
        <member name="T:MigraDoc.Rendering.FieldInfos">
            <summary>
            Field information used to fill fields when rendering or formatting.
            </summary>
        </member>
        <member name="T:MigraDoc.Rendering.FillFormatRenderer">
            <summary>
            Renders fill formats.
            </summary>
        </member>
        <member name="T:MigraDoc.Rendering.FontHandler">
            <summary>
            Helps to measure and handle fonts.
            </summary>
        </member>
        <member name="M:MigraDoc.Rendering.FontHandler.FontToXFont(MigraDoc.DocumentObjectModel.Font)">
            <summary>
            Converts a DOM Font to an XFont.
            </summary>
        </member>
        <member name="T:MigraDoc.Rendering.FormatInfo">
            <summary>
            Abstract base class for formatting information received by calling Format() on a renderer.
            </summary>
        </member>
        <member name="P:MigraDoc.Rendering.FormatInfo.IsStarting">
            <summary>
            Indicates that the formatted object is starting.
            </summary>
        </member>
        <member name="P:MigraDoc.Rendering.FormatInfo.IsEnding">
            <summary>
            Indicates that the formatted object is ending.
            </summary>
        </member>
        <member name="P:MigraDoc.Rendering.FormatInfo.IsComplete">
            <summary>
            Indicates that the formatted object is complete.
            </summary>
        </member>
        <member name="P:MigraDoc.Rendering.FormatInfo.StartingIsComplete">
            <summary>
            Indicates that the starting of the element is completed.
            </summary>
        </member>
        <member name="P:MigraDoc.Rendering.FormatInfo.EndingIsComplete">
            <summary>
            Indicates that the ending of the element is completed.
            </summary>
        </member>
        <member name="T:MigraDoc.Rendering.FormattedCell">
            <summary>
            Represents a formatted cell.
            </summary>
        </member>
        <member name="P:MigraDoc.Rendering.FormattedCell.Cell">
            <summary>
            Gets the cell the formatting information refers to.
            </summary>
        </member>
        <member name="T:MigraDoc.Rendering.FormattedDocument">
            <summary>
            Represents a formatted document.
            </summary>
        </member>
        <member name="M:MigraDoc.Rendering.FormattedDocument.Format(PdfSharp.Drawing.XGraphics)">
            <summary>
            Formats the document by performing line breaks and page breaks.
            </summary>
        </member>
        <member name="M:MigraDoc.Rendering.FormattedDocument.FillNumPagesInfo">
            <summary>
            Fills the number pages information after formatting the document.
            </summary>
        </member>
        <member name="M:MigraDoc.Rendering.FormattedDocument.FillSectionPagesInfo">
            <summary>
            Fills the section pages information after formatting a section.
            </summary>
        </member>
        <member name="M:MigraDoc.Rendering.FormattedDocument.GetRenderInfos(System.Int32)">
            <summary>
            Gets the rendering information for the page content.
            </summary>
            <param name="page">The page to render.</param>
            <returns>Rendering information for the page content.</returns>
        </member>
        <member name="M:MigraDoc.Rendering.FormattedDocument.GetFormattedHeader(System.Int32)">
            <summary>
            Gets a formatted header/footer object for header of the given page.
            </summary>
            <param name="page">The physical page the header shall appear on.</param>
            <returns>The required header, null if none exists to render.</returns>
        </member>
        <member name="M:MigraDoc.Rendering.FormattedDocument.GetFormattedFooter(System.Int32)">
            <summary>
            Gets a formatted header/footer object for footer of the given page.
            </summary>
            <param name="page">The physical page the footer shall appear on.</param>
            <returns>The required footer, null if none exists to render.</returns>
        </member>
        <member name="P:MigraDoc.Rendering.FormattedDocument.PageCount">
            <summary>
            Gets the number of pages of the document.
            </summary>
        </member>
        <member name="M:MigraDoc.Rendering.FormattedDocument.GetPageInfo(System.Int32)">
            <summary>
            Gets information about the specified page.
            </summary>
            <param name="page">The page the information is asked for.</param>
            <returns>The page information.</returns>
        </member>
        <member name="M:MigraDoc.Rendering.FormattedDocument.GetCurrentAlignment(MigraDoc.Rendering.ElementAlignment)">
            <summary>
            Gets the alignment depending on the currentPage for the alignments "Outside" and "Inside".
            </summary>
            <param name="alignment">The original alignment.</param>
            <returns>The alignment depending on the currentPage for the alignments "Outside" and "Inside".</returns>
        </member>
        <member name="T:MigraDoc.Rendering.FormattedHeaderFooter">
            <summary>
            Represents a formatted header or footer.
            </summary>
        </member>
        <member name="T:MigraDoc.Rendering.FormattedTextArea">
            <summary>
            Represents a formatted text area.
            </summary>
        </member>
        <member name="T:MigraDoc.Rendering.FormattedTextFrame">
            <summary>
            Represents a formatted text frame.
            </summary>
        </member>
        <member name="T:MigraDoc.Rendering.IAreaProvider">
            <summary>
            Represents a class that provides a series of Areas to render into.
            </summary>
        </member>
        <member name="M:MigraDoc.Rendering.IAreaProvider.GetNextArea">
            <summary>
            Gets the next area to render into.
            </summary>
        </member>
        <member name="M:MigraDoc.Rendering.IAreaProvider.ProbeNextArea">
            <summary>
            Probes the next area to render into like GetNextArea, but doesn’t change the provider state. 
            </summary>
            <returns>The area for the next rendering act.</returns>
        </member>
        <member name="M:MigraDoc.Rendering.IAreaProvider.IsAreaBreakBefore(MigraDoc.Rendering.LayoutInfo)">
            <summary>
            Determines whether the element requires an area break before.
            </summary>
        </member>
        <member name="M:MigraDoc.Rendering.IAreaProvider.PositionVertically(MigraDoc.Rendering.LayoutInfo)">
            <summary>
            Positions the element vertically relatively to the current area.
            </summary>
            <param name="layoutInfo">The layout info of the element.</param>
            <returns>True, if the element was moved by the function.</returns>
        </member>
        <member name="M:MigraDoc.Rendering.IAreaProvider.PositionHorizontally(MigraDoc.Rendering.LayoutInfo)">
            <summary>
            Positions the element horizontally relatively to the current area.
            </summary>
            <param name="layoutInfo">The layout info of the element.</param>
            <returns>True, if the element was moved by the function.</returns>
        </member>
        <member name="M:MigraDoc.Rendering.IAreaProvider.StoreRenderInfos(System.Collections.Generic.List{MigraDoc.Rendering.RenderInfo})">
            <summary>
            Stores the RenderInfos of elements on the current area.
            </summary>
            <param name="renderInfos"></param>
        </member>
        <member name="T:MigraDoc.Rendering.ImageFormatInfo">
            <summary>
            Formatting information for an image.
            </summary>
        </member>
        <member name="T:MigraDoc.Rendering.ImageRenderer">
            <summary>
            Renders images.
            </summary>
        </member>
        <member name="T:MigraDoc.Rendering.ImageRenderInfo">
            <summary>
            Represents rendering information for images.
            </summary>
        </member>
        <member name="P:MigraDoc.Rendering.ImageRenderInfo.FormatInfo">
            <summary>
            Gets the format information in a specific derived type. For a table, for example, this will be a TableFormatInfo with information about the first and last row showing on a page.
            </summary>
        </member>
        <member name="T:MigraDoc.Rendering.LayoutInfo">
            <summary>
            Abstract base class to serve as a layoutable unit.
            </summary>
        </member>
        <member name="P:MigraDoc.Rendering.LayoutInfo.StartingHeight">
            <summary>
            Gets or sets the height necessary to start the document object.
            </summary>
        </member>
        <member name="P:MigraDoc.Rendering.LayoutInfo.TrailingHeight">
            <summary>
            Gets or sets the height necessary to end the document object.
            </summary>
        </member>
        <member name="P:MigraDoc.Rendering.LayoutInfo.KeepWithNext">
            <summary>
            Indicates whether the document object shall be kept on one page
            with its successor.
            </summary>
        </member>
        <member name="P:MigraDoc.Rendering.LayoutInfo.KeepTogether">
            <summary>
            Indicates whether the document object shall be kept together on one page.
            </summary>
        </member>
        <member name="P:MigraDoc.Rendering.LayoutInfo.MarginTop">
            <summary>
            The space that shall be kept free above the element’s content.
            </summary>
        </member>
        <member name="P:MigraDoc.Rendering.LayoutInfo.MarginRight">
            <summary>
            The space that shall be kept free right to the element’s content.
            </summary>
        </member>
        <member name="P:MigraDoc.Rendering.LayoutInfo.MarginBottom">
            <summary>
            The space that shall be kept free below the element’s content.
            </summary>
        </member>
        <member name="P:MigraDoc.Rendering.LayoutInfo.MarginLeft">
            <summary>
            The space that shall be kept free left to the element’s content.
            </summary>
        </member>
        <member name="P:MigraDoc.Rendering.LayoutInfo.ContentArea">
            <summary>
            Gets or sets the Area needed by the content (including padding and borders for e.g. paragraphs).
            </summary>
        </member>
        <member name="P:MigraDoc.Rendering.LayoutInfo.PageBreakBefore">
            <summary>
            Gets or sets the value indicating whether the element shall appear on a new page.
            </summary>
        </member>
        <member name="P:MigraDoc.Rendering.LayoutInfo.HorizontalReference">
            <summary>
            Gets or sets the reference point for horizontal positioning.
            </summary>
            <remarks>Default value is AreaBoundary.</remarks>
        </member>
        <member name="P:MigraDoc.Rendering.LayoutInfo.VerticalReference">
            <summary>
            Gets or sets the reference point for vertical positioning.
            </summary>
            <remarks>Default value is PreviousElement.</remarks>
        </member>
        <member name="P:MigraDoc.Rendering.LayoutInfo.HorizontalAlignment">
            <summary>
            Gets or sets the horizontal alignment of the element.
            </summary>
            <remarks>Default value is Near.</remarks>
        </member>
        <member name="P:MigraDoc.Rendering.LayoutInfo.VerticalAlignment">
            <summary>
            Gets or sets the vertical alignment of the element.
            </summary>
            <remarks>Default value is Near.</remarks>
        </member>
        <member name="P:MigraDoc.Rendering.LayoutInfo.Floating">
            <summary>
            Gets or sets the floating behavior of surrounding elements.
            </summary>
            <remarks>Default value is TopBottom.</remarks>
        </member>
        <member name="P:MigraDoc.Rendering.LayoutInfo.Top">
            <summary>
            Gets or sets the top position of the element.
            </summary>
        </member>
        <member name="P:MigraDoc.Rendering.LayoutInfo.Left">
            <summary>
            Gets or sets the left position of the element.
            </summary>
        </member>
        <member name="P:MigraDoc.Rendering.LayoutInfo.MinWidth">
            <summary>
            Gets or sets the minimum width of the element.
            </summary>
        </member>
        <member name="T:MigraDoc.Rendering.LineFormatRenderer">
            <summary>
            Renders a line format to an XGraphics object.
            </summary>
        </member>
        <member name="T:MigraDoc.Rendering.MigraDocRenderingBuildInformation">
            <summary>
            Information about the build of the renderer.
            </summary>
        </member>
        <member name="P:MigraDoc.Rendering.MigraDocRenderingBuildInformation.GitSemVer">
            <summary>
            Gets the git semantic version number created by GitVersionTask.
            </summary>
        </member>
        <member name="P:MigraDoc.Rendering.MigraDocRenderingBuildInformation.BranchName">
            <summary>
            Gets the name of the branch created by GitVersionTask.
            </summary>
        </member>
        <member name="P:MigraDoc.Rendering.MigraDocRenderingBuildInformation.CommitDate">
            <summary>
            Gets the commit date created by GitVersionTask.
            </summary>
        </member>
        <member name="P:MigraDoc.Rendering.MigraDocRenderingBuildInformation.AssemblyTitle">
            <summary>
            Gets the assembly title attribute value.
            </summary>
        </member>
        <member name="P:MigraDoc.Rendering.MigraDocRenderingBuildInformation.TargetPlatform">
            <summary>
            Gets the target platform attribute value.
            </summary>
        </member>
        <member name="T:MigraDoc.Rendering.NumberFormatter">
            <summary>
            Formats numbers roman or with letters.
            </summary>
        </member>
        <member name="T:MigraDoc.Rendering.PageBreakFormatInfo">
            <summary>
            Formatting information for a page break.
            </summary>
        </member>
        <member name="T:MigraDoc.Rendering.PageBreakRenderer">
            <summary>
            Renders a page break to an XGraphics object.
            </summary>
        </member>
        <member name="M:MigraDoc.Rendering.PageBreakRenderer.#ctor(PdfSharp.Drawing.XGraphics,MigraDoc.DocumentObjectModel.PageBreak,MigraDoc.Rendering.FieldInfos)">
            <summary>
            Initializes a ParagraphRenderer object for formatting.
            </summary>
            <param name="gfx">The XGraphics object to do measurements on.</param>
            <param name="pageBreak">The page break.</param>
            <param name="fieldInfos">The field infos.</param>
        </member>
        <member name="M:MigraDoc.Rendering.PageBreakRenderer.#ctor(PdfSharp.Drawing.XGraphics,MigraDoc.Rendering.RenderInfo,MigraDoc.Rendering.FieldInfos)">
            <summary>
            Initializes a ParagraphRenderer object for rendering.
            </summary>
            <param name="gfx">The XGraphics object to render on.</param>
            <param name="renderInfo">The render info object containing information necessary for rendering.</param>
            <param name="fieldInfos">The field infos.</param>
        </member>
        <member name="T:MigraDoc.Rendering.PageBreakRenderInfo">
            <summary>
            Rendering information for page breaks.
            </summary>
        </member>
        <member name="P:MigraDoc.Rendering.PageBreakRenderInfo.FormatInfo">
            <summary>
            Gets the format information in a specific derived type. For a table, for example, this will be a TableFormatInfo with information about the first and last row showing on a page.
            </summary>
        </member>
        <member name="P:MigraDoc.Rendering.PageBreakRenderInfo.DocumentObject">
            <summary>
            Gets the document object to which the layout information applies. Use the Tag property of DocumentObject to identify an object.
            </summary>
        </member>
        <member name="T:MigraDoc.Rendering.PageInfo">
            <summary>
            Provides information necessary to render the page.
            </summary>
        </member>
        <member name="P:MigraDoc.Rendering.PageInfo.Width">
            <summary>
            Gets the width of the described page as specified in Document.PageSetup, i.e. the orientation
            is not taken into account.
            </summary>
        </member>
        <member name="P:MigraDoc.Rendering.PageInfo.Height">
            <summary>
            Gets the height of the described page as specified in Document.PageSetup, i.e. the orientation
            is not taken into account.
            </summary>
        </member>
        <member name="P:MigraDoc.Rendering.PageInfo.Orientation">
            <summary>
            Gets the orientation of the described page as specified in Document.PageSetup.
            The value has no influence on the properties Width or Height, i.e. if the result is PageOrientation.Landscape
            you must exchange the values of Width or Height to get the real page size.
            </summary>
        </member>
        <member name="T:MigraDoc.Rendering.VerticalLineInfo">
            <summary>
            Vertical measurements of a paragraph line.
            </summary>
        </member>
        <member name="T:MigraDoc.Rendering.LineInfo">
            <summary>
            Line info object used by the paragraph format info.
            </summary>
        </member>
        <member name="T:MigraDoc.Rendering.ParagraphFormatInfo">
            <summary>
            Formatting information for a paragraph.
            </summary>
        </member>
        <member name="M:MigraDoc.Rendering.ParagraphFormatInfo.Append(MigraDoc.Rendering.FormatInfo)">
            <summary>
            
            </summary>
            <param name="mergeInfo"></param>
            <returns></returns>
        </member>
        <member name="P:MigraDoc.Rendering.ParagraphFormatInfo.IsEnding">
            <summary>
            Indicates whether the paragraph is ending.
            </summary>
            <returns>True if the paragraph is ending.</returns>
        </member>
        <member name="P:MigraDoc.Rendering.ParagraphFormatInfo.IsStarting">
            <summary>
            Indicates whether the paragraph is starting.
            </summary>
            <returns>True if the paragraph is starting.</returns>
        </member>
        <member name="T:MigraDoc.Rendering.ParagraphIterator">
            <summary>
            Iterates sequentially through the elements of a paragraph.
            </summary>
        </member>
        <member name="M:MigraDoc.Rendering.ParagraphIterator.#ctor(MigraDoc.DocumentObjectModel.ParagraphElements)">
            <summary>
            Initializes a paragraph iterator pointing on the given paragraph elements object.
            Paragraph iterators received from this paragraph iterator relate to this root node.
            </summary>
            <param name="rootNode">The root node for the paragraph iterator.</param>
        </member>
        <member name="M:MigraDoc.Rendering.ParagraphIterator.#ctor(MigraDoc.DocumentObjectModel.ParagraphElements,MigraDoc.DocumentObjectModel.DocumentObject,System.Collections.Generic.List{System.Int32})">
            <summary>
            Initializes a paragraph iterator given the root node, its position in the object tree and the current object.
            </summary>
            <param name="rootNode">The node the position indices relate to.</param>
            <param name="current">The element the iterator shall point to.</param>
            <param name="indices">The position of the paragraph iterator in terms of element indices.</param>
        </member>
        <member name="P:MigraDoc.Rendering.ParagraphIterator.IsFirstLeaf">
            <summary>
            Determines whether this iterator is the first leaf of the root node.
            </summary>
        </member>
        <member name="P:MigraDoc.Rendering.ParagraphIterator.IsLastLeaf">
            <summary>
            Determines whether this iterator is the last leaf of the document object tree.
            </summary>
        </member>
        <member name="P:MigraDoc.Rendering.ParagraphIterator.Current">
            <summary>
            Gets the document object this instance points to.
            </summary>
        </member>
        <member name="M:MigraDoc.Rendering.ParagraphIterator.GetLastLeaf">
            <summary>
            Gets the last leaf of the document object tree.
            </summary>
            <returns>The paragraph iterator pointing to the last leaf in the document object tree.</returns>
        </member>
        <member name="M:MigraDoc.Rendering.ParagraphIterator.GetFirstLeaf">
            <summary>
            Gets the first leaf of the element tree.
            </summary>
            <returns>The paragraph iterator pointing to the first leaf in the element tree.</returns>
        </member>
        <member name="M:MigraDoc.Rendering.ParagraphIterator.GetNextLeaf">
            <summary>
            Returns the next iterator in the tree pointing to a leaf.
            </summary>
            <remarks>This function is intended to receive the renderable objects of a paragraph.
            Thus, empty ParagraphElement objects (which are collections) don’t count as leafs.</remarks>
        </member>
        <member name="M:MigraDoc.Rendering.ParagraphIterator.GetNodeObject(MigraDoc.DocumentObjectModel.DocumentObject)">
            <summary>
            Gets the object a paragraph iterator shall point to.
            Only ParagraphElements and renderable objects are allowed.
            </summary>
            <param name="obj">The object to select the node object for.</param>
            <returns>The object a paragraph iterator shall point to.</returns>
        </member>
        <member name="M:MigraDoc.Rendering.ParagraphIterator.GetPreviousLeaf">
            <summary>
            Returns the previous iterator to a leaf in the document object tree pointing.
            </summary>
            <returns>The previous leaf, null if none exists.</returns>
        </member>
        <member name="M:MigraDoc.Rendering.ParagraphIterator.SeekFirstLeaf">
            <summary>
            Gets the leftmost leaf within the hierarchy.
            </summary>
            <returns>The searched leaf.</returns>
        </member>
        <member name="T:MigraDoc.Rendering.ParagraphRenderer">
            <summary>
            Summary description for ParagraphRenderer.
            </summary>
        </member>
        <member name="T:MigraDoc.Rendering.ParagraphRenderer.Phase">
            <summary>
            Process phases of the renderer.
            </summary>
        </member>
        <member name="T:MigraDoc.Rendering.ParagraphRenderer.FormatResult">
            <summary>
            Results that can occur when processing a paragraph element
            during formatting.
            </summary>
        </member>
        <member name="F:MigraDoc.Rendering.ParagraphRenderer.FormatResult.Ignore">
            <summary>
            Ignore the current element during formatting.
            </summary>
        </member>
        <member name="F:MigraDoc.Rendering.ParagraphRenderer.FormatResult.Continue">
            <summary>
            Continue with the next element within the same line.
            </summary>
        </member>
        <member name="F:MigraDoc.Rendering.ParagraphRenderer.FormatResult.NewLine">
            <summary>
            Start a new line from the current object on.
            </summary>
        </member>
        <member name="F:MigraDoc.Rendering.ParagraphRenderer.FormatResult.NewArea">
            <summary>
            Break formatting and continue in a new area (e.g. a new page).
            </summary>
        </member>
        <member name="M:MigraDoc.Rendering.ParagraphRenderer.#ctor(PdfSharp.Drawing.XGraphics,MigraDoc.DocumentObjectModel.Paragraph,MigraDoc.Rendering.FieldInfos)">
            <summary>
            Initializes a ParagraphRenderer object for formatting.
            </summary>
            <param name="gfx">The XGraphics object to do measurements on.</param>
            <param name="paragraph">The paragraph to format.</param>
            <param name="fieldInfos">The field infos.</param>
        </member>
        <member name="M:MigraDoc.Rendering.ParagraphRenderer.#ctor(PdfSharp.Drawing.XGraphics,MigraDoc.Rendering.RenderInfo,MigraDoc.Rendering.FieldInfos)">
            <summary>
            Initializes a ParagraphRenderer object for rendering.
            </summary>
            <param name="gfx">The XGraphics object to render on.</param>
            <param name="renderInfo">The render info object containing information necessary for rendering.</param>
            <param name="fieldInfos">The field infos.</param>
        </member>
        <member name="M:MigraDoc.Rendering.ParagraphRenderer.Render">
            <summary>
            Renders the paragraph.
            </summary>
        </member>
        <member name="P:MigraDoc.Rendering.ParagraphRenderer.InitialLayoutInfo">
            <summary>
            Gets a layout info with only margin and break information set.
            It can be taken before the paragraph is formatted.
            </summary>
            <remarks>
            The following layout information is set properly:<br />
            MarginTop, MarginLeft, MarginRight, MarginBottom, KeepTogether, KeepWithNext, PagebreakBefore.
            </remarks>
        </member>
        <member name="M:MigraDoc.Rendering.ParagraphRenderer.FormatTab">
            <summary>
            Adjusts the current x position to the given tab stop if possible.
            </summary>
            <returns>True if the text doesn’t fit the line anymore and the tab causes a line break.</returns>
        </member>
        <member name="M:MigraDoc.Rendering.ParagraphRenderer.ProbeAfterLeftAlignedTab(PdfSharp.Drawing.XUnitPt,System.Boolean@)">
            <summary>
            Probes the paragraph elements after a left aligned tab stop and returns the vertical text position to start at.
            </summary>
            <param name="tabStopPosition">Position of the tab to probe.</param>
            <param name="notFitting">Out parameter determining whether the tab causes a line break.</param>
            <returns>The new x-position to restart behind the tab.</returns>
        </member>
        <member name="M:MigraDoc.Rendering.ParagraphRenderer.ProbeAfterRightAlignedTab(PdfSharp.Drawing.XUnitPt,System.Boolean@)">
            <summary>
            Probes the paragraph elements after a right aligned tab stop and returns the vertical text position to start at.
            </summary>
            <param name="tabStopPosition">Position of the tab to probe.</param>
            <param name="notFitting">Out parameter determining whether the tab causes a line break.</param>
            <returns>The new x-position to restart behind the tab.</returns>
        </member>
        <member name="M:MigraDoc.Rendering.ParagraphRenderer.ProbeAfterCenterAlignedTab(PdfSharp.Drawing.XUnitPt,System.Boolean@)">
            <summary>
            Probes the paragraph elements after a right aligned tab stop and returns the vertical text position to start at.
            </summary>
            <param name="tabStopPosition">Position of the tab to probe.</param>
            <param name="notFitting">Out parameter determining whether the tab causes a line break.</param>
            <returns>The new x-position to restart behind the tab.</returns>
        </member>
        <member name="M:MigraDoc.Rendering.ParagraphRenderer.ProbeAfterDecimalAlignedTab(PdfSharp.Drawing.XUnitPt,System.Boolean@)">
            <summary>
            Probes the paragraph elements after a right aligned tab stop and returns the vertical text position to start at.
            </summary>
            <param name="tabStopPosition">Position of the tab to probe.</param>
            <param name="notFitting">Out parameter determining whether the tab causes a line break.</param>
            <returns>The new x-position to restart behind the tab.</returns>
        </member>
        <member name="M:MigraDoc.Rendering.ParagraphRenderer.ProbeAfterTab">
            <summary>
            Probes the paragraph after a tab.
            Caution: This Function resets the word count and line width before doing its work.
            </summary>
            <returns>True if the tab causes a linebreak.</returns>
        </member>
        <member name="M:MigraDoc.Rendering.ParagraphRenderer.GetNextTabStop">
            <summary>
            Gets the next tab stop following the current x position.
            </summary>
            <returns>The searched tab stop.</returns>
        </member>
        <member name="P:MigraDoc.Rendering.ParagraphRenderer.StartXPosition">
            <summary>
            Gets the horizontal position to start a new line.
            </summary>
            <returns>The position to start the line.</returns>
        </member>
        <member name="M:MigraDoc.Rendering.ParagraphRenderer.RenderLine(MigraDoc.Rendering.LineInfo)">
            <summary>
            Renders a single line.
            </summary>
            <param name="lineInfo"></param>
        </member>
        <member name="M:MigraDoc.Rendering.ParagraphRenderer.GetDestinationPosition">
            <summary>
            Gets the current position for destinations in PDF world space units.
            The position is moved by a margin value to leave space between the window and the content that is located at the destination
            and it is transformed to PDF world space units.
            </summary>
        </member>
        <member name="M:MigraDoc.Rendering.ParagraphRenderer.InitFormat(MigraDoc.Rendering.Area,MigraDoc.Rendering.FormatInfo)">
            <summary>
            Initializes this instance for formatting.
            </summary>
            <param name="area">The area for formatting.</param>
            <param name="previousFormatInfo">A previous format info.</param>
            <returns>False if nothing of the paragraph will fit the area anymore.</returns>
        </member>
        <member name="M:MigraDoc.Rendering.ParagraphRenderer.GetListSymbol(System.String@,PdfSharp.Drawing.XFont@)">
            <summary>
            Gets information necessary to render or measure the list symbol.
            </summary>
            <param name="symbol">The text or list symbol to render or measure.</param>
            <param name="font">The font to use for rendering or measuring.</param>
            <returns>True if a symbol needs to be rendered.</returns>
        </member>
        <member name="M:MigraDoc.Rendering.ParagraphRenderer.Format(MigraDoc.Rendering.Area,MigraDoc.Rendering.FormatInfo)">
            <summary>
            Formats the paragraph by performing line breaks etc.
            </summary>
            <param name="area">The area in which to render.</param>
            <param name="previousFormatInfo">The format info that was obtained on formatting the same paragraph on a previous area.</param>
        </member>
        <member name="M:MigraDoc.Rendering.ParagraphRenderer.FinishLayoutInfo">
            <summary>
            Finishes the layout info by calculating starting and trailing heights.
            </summary>
        </member>
        <member name="M:MigraDoc.Rendering.ParagraphRenderer.FormatElement(MigraDoc.DocumentObjectModel.DocumentObject)">
            <summary>
            Processes the elements when formatting.
            </summary>
            <param name="docObj"></param>
            <returns></returns>
        </member>
        <member name="M:MigraDoc.Rendering.ParagraphRenderer.FormatWord(System.String,MigraDoc.Rendering.Rectangle)">
            <summary>
            Helper function for formatting word-like elements like text and fields.
            </summary>
        </member>
        <member name="P:MigraDoc.Rendering.ParagraphRenderer.IgnoreHorizontalGrowth">
            <summary>
            When rendering a justified paragraph, only the part after the last tab stop needs remeasuring.
            </summary>
        </member>
        <member name="M:MigraDoc.Rendering.ParagraphRenderer.FormatCharacter(MigraDoc.DocumentObjectModel.Character,MigraDoc.Rendering.Rectangle)">
            <summary>
            Processes (measures) a special character within text.
            </summary>
            <param name="character">The character to process.</param>
            <param name="fittingRect">The rect defining the space that is still available on the area to render the character.</param>
            <returns>True if the character should start at a new line.</returns>
        </member>
        <member name="M:MigraDoc.Rendering.ParagraphRenderer.FormatBlank(MigraDoc.Rendering.Rectangle)">
            <summary>
            Processes (measures) a blank.
            </summary>
            <returns>True if the blank causes a line break.</returns>
        </member>
        <member name="M:MigraDoc.Rendering.ParagraphRenderer.FormatText(MigraDoc.DocumentObjectModel.Text,MigraDoc.Rendering.Rectangle)">
            <summary>
            Processes a text element during formatting.
            </summary>
            <param name="text">The text element to measure.</param>
            <param name="fittingRect">The available space for the text on the area.</param>
        </member>
        <member name="M:MigraDoc.Rendering.ParagraphRenderer.StartNewLine">
            <summary>
            Starts a new line by resetting measuring values.
            Do not call before the first line is formatted!
            </summary>
            <returns>True if the new line may fit the formatting area.</returns>
        </member>
        <member name="M:MigraDoc.Rendering.ParagraphRenderer.StoreLineInformation">
            <summary>
            Stores all line information.
            </summary>
        </member>
        <member name="M:MigraDoc.Rendering.ParagraphRenderer.StoreBottomBorderInformation">
            <summary>
            Adds the BottomBorderOffset to the ContentArea. This should only be called for the last line of a paragraph.
            </summary>
        </member>
        <member name="P:MigraDoc.Rendering.ParagraphRenderer.TopBorderOffset">
            <summary>
            Gets the top border offset for the first line, else 0.
            </summary>
        </member>
        <member name="P:MigraDoc.Rendering.ParagraphRenderer.BottomBorderOffset">
            <summary>
            Gets the bottom border offset for the last line, else 0.
            While formatting, the actual border offset for the last line is only returned for the last paragraph’s element.
            </summary>
        </member>
        <member name="P:MigraDoc.Rendering.ParagraphRenderer.CurrentFont">
            <summary>
            The font used for the current paragraph element.
            </summary>
        </member>
        <member name="M:MigraDoc.Rendering.ParagraphRenderer.GetLineHeight(MigraDoc.DocumentObjectModel.ParagraphFormat,PdfSharp.Drawing.XGraphics,MigraDoc.Rendering.DocumentRenderer)">
            <summary>
            Help function to receive a line height on empty paragraphs.
            </summary>
            <param name="format">The format.</param>
            <param name="gfx">The GFX.</param>
            <param name="renderer">The renderer.</param>
        </member>
        <member name="F:MigraDoc.Rendering.ParagraphRenderer._paragraph">
            <summary>
            The paragraph to format or render.
            </summary>
        </member>
        <member name="T:MigraDoc.Rendering.ParagraphRenderInfo">
            <summary>
            Represents rendering information for a paragraph.
            </summary>
        </member>
        <member name="P:MigraDoc.Rendering.ParagraphRenderInfo.FormatInfo">
            <summary>
            Gets the format information in a specific derived type. For a table, for example, this will be a TableFormatInfo with information about the first and last row showing on a page.
            </summary>
        </member>
        <member name="P:MigraDoc.Rendering.ParagraphRenderInfo.DocumentObject">
            <summary>
            Gets the document object to which the layout information applies. Use the Tag property of DocumentObject to identify an object.
            </summary>
        </member>
        <member name="T:MigraDoc.Rendering.PdfDocumentRenderer">
            <summary>
            Provides the functionality to convert a MigraDoc document into PDF.
            </summary>
        </member>
        <member name="M:MigraDoc.Rendering.PdfDocumentRenderer.#ctor">
            <summary>
            Initializes a new instance of the PdfDocumentRenderer class.
            </summary>
        </member>
        <member name="M:MigraDoc.Rendering.PdfDocumentRenderer.#ctor(System.Boolean)">
            <summary>
            Initializes a new instance of the <see cref="T:MigraDoc.Rendering.PdfDocumentRenderer"/> class.
            </summary>
            <param name="unicode">If true Unicode encoding is used for all text. If false, WinAnsi encoding is used.</param>
        </member>
        <member name="P:MigraDoc.Rendering.PdfDocumentRenderer.Unicode">
            <summary>
            Gets a value indicating whether the text is rendered as Unicode.
            Returns true because text is rendered always in unicode.
            </summary>
        </member>
        <member name="P:MigraDoc.Rendering.PdfDocumentRenderer.Language">
            <summary>
            Gets or sets the language.
            </summary>
            <value>The language.</value>
        </member>
        <member name="P:MigraDoc.Rendering.PdfDocumentRenderer.Document">
            <summary>
            Set the MigraDoc document to be rendered by this printer.
            </summary>
        </member>
        <member name="P:MigraDoc.Rendering.PdfDocumentRenderer.DocumentRenderer">
            <summary>
            Gets or sets a document renderer.
            </summary>
            <remarks>
            A document renderer is automatically created and prepared
            when printing before this property was set.
            </remarks>
        </member>
        <member name="M:MigraDoc.Rendering.PdfDocumentRenderer.RenderDocument">
            <summary>
            Renders the document into a PdfDocument containing all pages of the document.
            </summary>
        </member>
        <member name="M:MigraDoc.Rendering.PdfDocumentRenderer.PrepareRenderPages">
            <summary>
            Prepares the document for rendering.
            </summary>
        </member>
        <member name="P:MigraDoc.Rendering.PdfDocumentRenderer.PageCount">
            <summary>
            Gets the count of pages.
            </summary>
        </member>
        <member name="M:MigraDoc.Rendering.PdfDocumentRenderer.Save(System.String)">
            <summary>
            Saves the PdfDocument to the specified path. If a file already exists, it will be overwritten.
            </summary>
        </member>
        <member name="M:MigraDoc.Rendering.PdfDocumentRenderer.Save(System.IO.Stream,System.Boolean)">
            <summary>
            Saves the PDF document to the specified stream.
            </summary>
        </member>
        <member name="M:MigraDoc.Rendering.PdfDocumentRenderer.RenderPages(System.Int32,System.Int32)">
            <summary>
            Renders the specified page range.
            </summary>
            <param name="startPage">The first page to print.</param>
            <param name="endPage">The last page to print.</param>
        </member>
        <member name="P:MigraDoc.Rendering.PdfDocumentRenderer.WorkingDirectory">
            <summary>
            Gets or sets a working directory for the printing process.
            </summary>
        </member>
        <member name="P:MigraDoc.Rendering.PdfDocumentRenderer.PdfDocument">
            <summary>
            Gets or sets the PDF document to render on.
            </summary>
            <remarks>A PDF document in memory is automatically created when printing before this property was set.</remarks>
        </member>
        <member name="M:MigraDoc.Rendering.PdfDocumentRenderer.HasPdfDocument">
            <summary>
            Returns true, if the PdfDocument of this renderer is not yet set.
            </summary>
        </member>
        <member name="M:MigraDoc.Rendering.PdfDocumentRenderer.WriteDocumentInformation">
            <summary>
            Writes document information like author and subject to the PDF document.
            </summary>
        </member>
        <member name="M:MigraDoc.Rendering.PdfDocumentRenderer.CreatePdfDocument">
            <summary>
            Creates a new PDF document.
            </summary>
        </member>
        <member name="T:MigraDoc.Rendering.Renderer">
            <summary>
            Abstract base class for all renderers.
            </summary>
        </member>
        <member name="P:MigraDoc.Rendering.Renderer.MaxElementHeight">
            <summary>
            Determines the maximum height a single element may have.
            </summary>
        </member>
        <member name="P:MigraDoc.Rendering.Renderer.InitialLayoutInfo">
            <summary>
            In inherited classes, gets a layout info with only margin and break information set.
            It can be taken before the document object is formatted.
            </summary>
            <remarks>
            In inherited classes, the following parts are set properly:
            MarginTop, MarginLeft, MarginRight, MarginBottom, 
            KeepTogether, KeepWithNext, PagebreakBefore, Floating,
            VerticalReference, HorizontalReference.
            </remarks>
        </member>
        <member name="M:MigraDoc.Rendering.Renderer.RenderByInfos(PdfSharp.Drawing.XUnitPt,PdfSharp.Drawing.XUnitPt,MigraDoc.Rendering.RenderInfo[])">
            <summary>
            Renders the contents shifted to the given Coordinates.
            </summary>
            <param name="xShift">The x shift.</param>
            <param name="yShift">The y shift.</param>
            <param name="renderInfos">The render infos.</param>
        </member>
        <member name="P:MigraDoc.Rendering.Renderer.RenderInfo">
            <summary>
            Gets the render information necessary to render and position the object.
            </summary>
        </member>
        <member name="P:MigraDoc.Rendering.Renderer.FieldInfos">
            <summary>
            Sets the field infos object.
            </summary>
            <remarks>This property is set by the AreaProvider.</remarks>
        </member>
        <member name="M:MigraDoc.Rendering.Renderer.Render">
            <summary>
            Renders (draws) the object to the Graphics object.
            </summary>
        </member>
        <member name="M:MigraDoc.Rendering.Renderer.Format(MigraDoc.Rendering.Area,MigraDoc.Rendering.FormatInfo)">
            <summary>
            Formats the object by calculating distances and line breaks and stopping when the area is filled.
            </summary>
            <param name="area">The area to render into.</param>
            <param name="previousFormatInfo">An information object received from a previous call of Format().
            Null for the first call.</param>
        </member>
        <member name="M:MigraDoc.Rendering.Renderer.Create(PdfSharp.Drawing.XGraphics,MigraDoc.Rendering.DocumentRenderer,MigraDoc.DocumentObjectModel.DocumentObject,MigraDoc.Rendering.FieldInfos)">
            <summary>
            Creates a fitting renderer for the given document object for formatting.
            </summary>
            <param name="gfx">The XGraphics object to do measurements on.</param>
            <param name="documentRenderer">The document renderer.</param>
            <param name="documentObject">the document object to format.</param>
            <param name="fieldInfos">The field infos.</param>
            <returns>The fitting Renderer.</returns>
        </member>
        <member name="M:MigraDoc.Rendering.Renderer.Create(PdfSharp.Drawing.XGraphics,MigraDoc.Rendering.DocumentRenderer,MigraDoc.Rendering.RenderInfo,MigraDoc.Rendering.FieldInfos)">
            <summary>
            Creates a fitting renderer for the render info to render and layout with.
            </summary>
            <param name="gfx">The XGraphics object to render on.</param>
            <param name="documentRenderer">The document renderer.</param>
            <param name="renderInfo">The RenderInfo object stored after a previous call of Format().</param>
            <param name="fieldInfos">The field infos.</param>
            <returns>The fitting Renderer.</returns>
        </member>
        <member name="T:MigraDoc.Rendering.RenderInfo">
            <summary>
            Abstract base class for all classes that store rendering information.
            </summary>
        </member>
        <member name="P:MigraDoc.Rendering.RenderInfo.FormatInfo">
            <summary>
            Gets the format information in a specific derived type. For a table, for example, this will be a TableFormatInfo with information about the first and last row showing on a page.
            </summary>
        </member>
        <member name="P:MigraDoc.Rendering.RenderInfo.LayoutInfo">
            <summary>
            Gets the layout information.
            </summary>
        </member>
        <member name="P:MigraDoc.Rendering.RenderInfo.DocumentObject">
            <summary>
            Gets the document object to which the layout information applies. Use the Tag property of DocumentObject to identify an object.
            </summary>
        </member>
        <member name="T:MigraDoc.Rendering.ShadingRenderer">
            <summary>
            Renders a Shading to an XGraphics object.
            </summary>
        </member>
        <member name="T:MigraDoc.Rendering.ShapeFormatInfo">
            <summary>
            Format information for all shapes.
            </summary>
        </member>
        <member name="P:MigraDoc.Rendering.ShapeFormatInfo.StartingIsComplete">
            <summary>
            Indicates that the starting of the element is completed.
            </summary>
        </member>
        <member name="P:MigraDoc.Rendering.ShapeFormatInfo.EndingIsComplete">
            <summary>
            Indicates that the ending of the element is completed.
            </summary>
        </member>
        <member name="T:MigraDoc.Rendering.ShapeRenderer">
            <summary>
            Renders a shape to an XGraphics object.
            </summary>
        </member>
        <member name="P:MigraDoc.Rendering.ShapeRenderer.ShapeWidth">
            <summary>
            Gets the shape width including line width.
            </summary>
        </member>
        <member name="P:MigraDoc.Rendering.ShapeRenderer.ShapeHeight">
            <summary>
            Gets the shape height including line width.
            </summary>
        </member>
        <member name="M:MigraDoc.Rendering.ShapeRenderer.Format(MigraDoc.Rendering.Area,MigraDoc.Rendering.FormatInfo)">
            <summary>
            Formats the shape.
            </summary>
            <param name="area">The area to fit in the shape.</param>
            <param name="previousFormatInfo"></param>
        </member>
        <member name="T:MigraDoc.Rendering.ShapeRenderInfo">
            <summary>
            Rendering information for shapes.
            </summary>
        </member>
        <member name="P:MigraDoc.Rendering.ShapeRenderInfo.DocumentObject">
            <summary>
            Gets the document object to which the layout information applies. Use the Tag property of DocumentObject to identify an object.
            </summary>
        </member>
        <member name="T:MigraDoc.Rendering.TableFormatInfo">
            <summary>
            Formatting information for tables.
            </summary>
        </member>
        <member name="F:MigraDoc.Rendering.TableFormatInfo.StartRow">
            <summary>
            The first row of the table that is showing on a page.
            </summary>
        </member>
        <member name="F:MigraDoc.Rendering.TableFormatInfo.EndRow">
            <summary>
            The last row of the table that is showing on a page.
            </summary>
        </member>
        <member name="F:MigraDoc.Rendering.TableFormatInfo.FormattedCells">
            <summary>
            The formatted cells.
            </summary>
        </member>
        <member name="T:MigraDoc.Rendering.TableRenderer">
            <summary>
            Renders a table to an XGraphics object.
            </summary>
        </member>
        <member name="M:MigraDoc.Rendering.TableRenderer.Format(MigraDoc.Rendering.Area,MigraDoc.Rendering.FormatInfo)">
            <summary>
            Formats (measures) the table.
            </summary>
            <param name="area">The area on which to fit the table.</param>
            <param name="previousFormatInfo"> </param>
        </member>
        <member name="M:MigraDoc.Rendering.TableRenderer.UpdateThisPagesBookmarks(System.Int32,System.Int32)">
            <summary>
            Updates the bookmarks in the given rows.
            Otherwise, each BookmarkField will refer to the first page of the table, because initially they are set before the table gets split over the pages.
            </summary>
        </member>
        <member name="M:MigraDoc.Rendering.TableRenderer.CalcStartingHeight">
            <summary>
            Calculates either the height of the header rows or the height of the uppermost top border.
            </summary>
        </member>
        <member name="M:MigraDoc.Rendering.TableRenderer.CreateConnectedRows">
            <summary>
            Calculate the last covered row where every row, taking MergeDown into account.
            </summary>
        </member>
        <member name="M:MigraDoc.Rendering.TableRenderer.CalcMaxTopBorderWidth(System.Int32)">
            <summary>
            Calculates the top border width for the first row that is rendered or formatted.
            </summary>
            <param name="row">The row index.</param>
        </member>
        <member name="M:MigraDoc.Rendering.TableRenderer.CreateNextBottomBorderPosition(System.Int32@,System.Int32@)">
            <summary>
            Creates the next bottom border position.
            </summary>
        </member>
        <member name="M:MigraDoc.Rendering.TableRenderer.CalcBottomBorderWidth(MigraDoc.DocumentObjectModel.Tables.Cell)">
            <summary>
            Calculates bottom border width of a cell.
            </summary>
            <param name="cell">The cell the bottom border of the row that is probed.</param>
            <returns>The calculated border width.</returns>
        </member>
        <member name="M:MigraDoc.Rendering.TableRenderer.GetMinMergedCell(System.Int32)">
            <summary>
            Gets the first cell that ends in the given row or as close as possible.
            </summary>
            <param name="row">The row to probe.</param>
            <returns>The first cell with minimal vertical merge.</returns>
        </member>
        <member name="M:MigraDoc.Rendering.TableRenderer.CalcLastConnectedRow(System.Int32)">
            <summary>
            Calculates the last row that is connected with the given row. Uses cached values and can only be used after initialization.
            </summary>
            <param name="row">The row that is probed for downward connection.</param>
            <returns>The last row that is connected with the given row.</returns>
        </member>
        <member name="M:MigraDoc.Rendering.TableRenderer.CalcLastConnectedRowDirect(System.Int32)">
            <summary>
            Calculates the last row that is connected with the given row. This version does not rely on cached values and can be called anytime.
            </summary>
            <param name="row">The row that is probed for downward connection.</param>
            <returns>The last row that is connected with the given row.</returns>
        </member>
        <member name="M:MigraDoc.Rendering.TableRenderer.CalcLastConnectedColumn(System.Int32)">
            <summary>
            Calculates the last column that is connected with the specified column.
            </summary>
            <param name="column">The column that is probed for downward connection.</param>
            <returns>The last column that is connected with the given column.</returns>
        </member>
        <member name="T:MigraDoc.Rendering.TableRenderInfo">
            <summary>
            Rendering information for tables.
            </summary>
        </member>
        <member name="P:MigraDoc.Rendering.TableRenderInfo.FormatInfo">
            <summary>
            Gets the format information in a specific derived type. For a table, for example, this will be a TableFormatInfo with information about the first and last row showing on a page.
            </summary>
        </member>
        <member name="P:MigraDoc.Rendering.TableRenderInfo.DocumentObject">
            <summary>
            Gets the document object to which the layout information applies. Use the Tag property of DocumentObject to identify an object.
            </summary>
        </member>
        <member name="T:MigraDoc.Rendering.TextFrameFormatInfo">
            <summary>
            Formatting information for text frames.
            </summary>
        </member>
        <member name="T:MigraDoc.Rendering.TextFrameRenderer">
            <summary>
            Renders text frames.
            </summary>
        </member>
        <member name="T:MigraDoc.Rendering.TextFrameRenderInfo">
            <summary>
            Summary description for TextFrameRenderInfo.
            </summary>
        </member>
        <member name="P:MigraDoc.Rendering.TextFrameRenderInfo.FormatInfo">
            <summary>
            Gets the format information in a specific derived type. For a table, for example, this will be a TableFormatInfo with information about the first and last row showing on a page.
            </summary>
        </member>
        <member name="T:MigraDoc.Rendering.TopDownFormatter">
            <summary>
            Formats a series of document elements from top to bottom.
            </summary>
        </member>
        <member name="M:MigraDoc.Rendering.TopDownFormatter.MarginMax(PdfSharp.Drawing.XUnitPt,PdfSharp.Drawing.XUnitPt)">
            <summary>
            Returns the max of the given Margins, if both are positive or 0, the sum otherwise.
            </summary>
            <param name="prevBottomMargin">The bottom margin of the previous element.</param>
            <param name="nextTopMargin">The top margin of the next element.</param>
            <returns></returns>
        </member>
        <member name="M:MigraDoc.Rendering.TopDownFormatter.FormatOnAreas(PdfSharp.Drawing.XGraphics,System.Boolean)">
            <summary>
            Formats the elements on the areas provided by the area provider.
            </summary>
            <param name="gfx">The graphics object to render on.</param>
            <param name="topLevel">if set to <c>true</c> the object to be formatted is on the top level.</param>
        </member>
        <member name="M:MigraDoc.Rendering.TopDownFormatter.FinishPage(MigraDoc.Rendering.RenderInfo,System.Boolean,System.Collections.Generic.List{MigraDoc.Rendering.RenderInfo}@)">
            <summary>
            Finishes rendering for the page.
            </summary>
            <param name="lastRenderInfo">The last render info.</param>
            <param name="pageBreakBefore">set to <c>true</c> if there is a page break before this page.</param>
            <param name="renderInfos">The render infos.</param>
            <returns>
            The RenderInfo to set as previous RenderInfo.
            </returns>
        </member>
        <member name="M:MigraDoc.Rendering.TopDownFormatter.IsForcedAreaBreak(System.Int32,MigraDoc.Rendering.Renderer,MigraDoc.Rendering.Area)">
            <summary>
            Indicates that a break between areas has to be performed before the element with the given idx.
            </summary>
            <param name="idx">Index of the document element.</param>
            <param name="renderer">A formatted renderer for the document element.</param>
            <param name="remainingArea">The remaining area.</param>
        </member>
        <member name="M:MigraDoc.Rendering.TopDownFormatter.PreviousRendererNeedsRemoveEnding(MigraDoc.Rendering.RenderInfo,MigraDoc.Rendering.RenderInfo,MigraDoc.Rendering.Area)">
            <summary>
            Indicates that the Ending of the element has to be removed.
            </summary>
            <param name="prevRenderInfo">The prev render info.</param>
            <param name="succeedingRenderInfo">The succeeding render info.</param>
            <param name="remainingArea">The remaining area.</param>
        </member>
        <member name="F:MigraDoc.Rendering.TopDownFormatter.MaxCombineElements">
            <summary>
            The maximum number of elements that can be combined via keepwithnext and keeptogether
            </summary>
        </member>
        <member name="T:System.Runtime.CompilerServices.IsExternalInit">
            <summary>
            Required to compile init-only setters in .NET Standard and .NET Framework 4.71.
            </summary>
        </member>
        <member name="M:System.Runtime.CompilerServices.RuntimeHelpers.GetSubArray``1(``0[],System.Range)">
            <summary>
            Slices the specified array using the specified range.
            </summary>
        </member>
        <member name="T:System.Index">
            <summary>Represent a type can be used to index a collection either from the start or the end.</summary>
            <remarks>
            Index is used by the C# compiler to support the new index syntax
            <code>
            int[] someArray = new int[5] { 1, 2, 3, 4, 5 } ;
            int lastElement = someArray[^1]; // lastElement = 5
            </code>
            </remarks>
        </member>
        <member name="M:System.Index.#ctor(System.Int32,System.Boolean)">
            <summary>Construct an Index using a value and indicating if the index is from the start or from the end.</summary>
            <param name="value">The index value. it has to be zero or positive number.</param>
            <param name="fromEnd">Indicating if the index is from the start or from the end.</param>
            <remarks>
            If the Index constructed from the end, index value 1 means pointing at the last element and index value 0 means pointing at beyond last element.
            </remarks>
        </member>
        <member name="P:System.Index.Start">
            <summary>Create an Index pointing at first element.</summary>
        </member>
        <member name="P:System.Index.End">
            <summary>Create an Index pointing at beyond last element.</summary>
        </member>
        <member name="M:System.Index.FromStart(System.Int32)">
            <summary>Create an Index from the start at the position indicated by the value.</summary>
            <param name="value">The index value from the start.</param>
        </member>
        <member name="M:System.Index.FromEnd(System.Int32)">
            <summary>Create an Index from the end at the position indicated by the value.</summary>
            <param name="value">The index value from the end.</param>
        </member>
        <member name="P:System.Index.Value">
            <summary>Returns the index value.</summary>
        </member>
        <member name="P:System.Index.IsFromEnd">
            <summary>Indicates whether the index is from the start or the end.</summary>
        </member>
        <member name="M:System.Index.GetOffset(System.Int32)">
            <summary>Calculate the offset from the start using the giving collection length.</summary>
            <param name="length">The length of the collection that the Index will be used with. length has to be a positive value</param>
            <remarks>
            For performance reason, we don’t validate the input length parameter and the returned offset value against negative values.
            we don’t validate either the returned offset is greater than the input length.
            It is expected Index will be used with collections which always have non-negative length/count. If the returned offset is negative and
            then used to index a collection will get out of range exception which will be same affect as the validation.
            </remarks>
        </member>
        <member name="M:System.Index.Equals(System.Object)">
            <summary>Indicates whether the current Index object is equal to another object of the same type.</summary>
            <param name="value">An object to compare with this object</param>
        </member>
        <member name="M:System.Index.Equals(System.Index)">
            <summary>Indicates whether the current Index object is equal to another Index object.</summary>
            <param name="other">An object to compare with this object</param>
        </member>
        <member name="M:System.Index.GetHashCode">
            <summary>Returns the hash code for this instance.</summary>
        </member>
        <member name="M:System.Index.op_Implicit(System.Int32)~System.Index">
            <summary>Converts integer number to an Index.</summary>
        </member>
        <member name="M:System.Index.ToString">
            <summary>Converts the value of the current Index object to its equivalent string representation.</summary>
        </member>
        <member name="T:System.Range">
            <summary>Represent a range has start and end indexes.</summary>
            <remarks>
            Range is used by the C# compiler to support the range syntax.
            <code>
            int[] someArray = new int[5] { 1, 2, 3, 4, 5 };
            int[] subArray1 = someArray[0..2]; // { 1, 2 }
            int[] subArray2 = someArray[1..^0]; // { 2, 3, 4, 5 }
            </code>
            </remarks>
        </member>
        <member name="P:System.Range.Start">
            <summary>Represent the inclusive start index of the Range.</summary>
        </member>
        <member name="P:System.Range.End">
            <summary>Represent the exclusive end index of the Range.</summary>
        </member>
        <member name="M:System.Range.#ctor(System.Index,System.Index)">
            <summary>Construct a Range object using the start and end indexes.</summary>
            <param name="start">Represent the inclusive start index of the range.</param>
            <param name="end">Represent the exclusive end index of the range.</param>
        </member>
        <member name="M:System.Range.Equals(System.Object)">
            <summary>Indicates whether the current Range object is equal to another object of the same type.</summary>
            <param name="value">An object to compare with this object</param>
        </member>
        <member name="M:System.Range.Equals(System.Range)">
            <summary>Indicates whether the current Range object is equal to another Range object.</summary>
            <param name="other">An object to compare with this object</param>
        </member>
        <member name="M:System.Range.GetHashCode">
            <summary>Returns the hash code for this instance.</summary>
        </member>
        <member name="M:System.Range.ToString">
            <summary>Converts the value of the current Range object to its equivalent string representation.</summary>
        </member>
        <member name="M:System.Range.StartAt(System.Index)">
            <summary>Create a Range object starting from start index to the end of the collection.</summary>
        </member>
        <member name="M:System.Range.EndAt(System.Index)">
            <summary>Create a Range object starting from first element in the collection to the end Index.</summary>
        </member>
        <member name="P:System.Range.All">
            <summary>Create a Range object starting from first element to the end.</summary>
        </member>
        <member name="M:System.Range.GetOffsetAndLength(System.Int32)">
            <summary>Calculate the start offset and length of range object using a collection length.</summary>
            <param name="length">The length of the collection that the range will be used with. length has to be a positive value.</param>
            <remarks>
            For performance reason, we don’t validate the input length parameter against negative values.
            It is expected Range will be used with collections which always have non-negative length/count.
            We validate the range is inside the length scope though.
            </remarks>
        </member>
        <member name="M:StringExtensions.Contains(System.String,System.String,System.StringComparison)">
            <summary>
            String.Contains implementation for .NET Framework and .NET Standard as an extension method.
            </summary>
        </member>
    </members>
</doc>
